<?xml version="1.0" encoding="UTF-8"?>
<!--  Copyright IBM Corp. 2015                                                 -->
<!--                                                                           -->
<!--  Licensed under the Apache License, Version 2.0 (the "License");          -->
<!--  you may not use this file except in compliance with the License.         -->
<!--  You may obtain a copy of the License at                                  -->
<!--                                                                           -->
<!--      http://www.apache.org/licenses/LICENSE-2.0                           -->
<!--                                                                           -->
<!--  Unless required by applicable law or agreed to in writing, software      -->
<!--  distributed under the License is distributed on an "AS IS" BASIS,        -->
<!--  WITHOUT WARRANTIES OR CONDITIONS OF ANY KIND, either express or implied. -->
<!--  See the License for the specific language governing permissions and      -->
<!--  limitations under the License.                                           -->
<Configuration status="WARN">
  <Appenders>
    <Console name="Console" target="SYSTEM_OUT">
      <PatternLayout pattern="%d{HH:mm:ss.SSS} [%t] %-5level %logger{36} - %msg%n" />
    </Console>
  </Appenders>
  <Loggers>
    <Root level="info">
      <AppenderRef ref="Console" />
    </Root>
  </Loggers>
</Configuration>
