{"language":"en","training_data":[{"text":"Does the Natural Language Classifier train using all of the data, or does it partition it in some way?","classes":["all_training_data_used"]},{"text":"What kind of preprocessing does the classifier perform on its input?","classes":["all_training_data_used"]},{"text":"Does the classifier train using all of the data, or does it partition it in some way?","classes":["all_training_data_used"]},{"text":"does the classifier train on all the data or does it hold some out?","classes":["all_training_data_used"]},{"text":"does nlclassifier perform random sampling to the training datasets?","classes":["all_training_data_used"]},{"text":"Where can I find documentation on the Natural Language Classifier API?","classes":["api_documentation"]},{"text":"Where can I find the API documentation?","classes":["api_documentation"]},{"text":"What is the API for the Classifier?","classes":["api_documentation"]},{"text":"Where can I find documentation on the NL classifier API?","classes":["api_documentation"]},{"text":"Where can I find REST API documentation for the NL classifier?","classes":["api_documentation"]},{"text":"Where can I view documentation for the classifier API?","classes":["api_documentation"]},{"text":"How do I access the classifier API?","classes":["api_documentation"]},{"text":"How many instances of the Natural Language Classifier can I create and what does it cost?","classes":["billing_and_usage"]},{"text":"How will classifier usage be priced after GA?","classes":["billing_and_usage"]},{"text":"How much does it cost to use the Classifier?","classes":["billing_and_usage"]},{"text":"How much does it cost?","classes":["billing_and_usage"]},{"text":"How much does it cost?","classes":["billing_and_usage"]},{"text":"How many classifiers can I train simultaneously?","classes":["billing_and_usage"]},{"text":"Is there a limit to the number of classifiers I can create?","classes":["billing_and_usage"]},{"text":"What OS does the Natural Language Classifier use and how does it relate to IBM Bluemix?","classes":["bluemix_hosted"]},{"text":"What do I do if I want to use the Classifier but I am not building a BlueMix application?","classes":["bluemix_hosted"]},{"text":"Is the NL Classifier a bluemix only service?","classes":["bluemix_hosted"]},{"text":"Is the NLClassifier available as a Bluemix service?","classes":["bluemix_hosted"]},{"text":"What does the NLClassifier have to do with BlueMix?","classes":["bluemix_hosted"]},{"text":"Does the NL Classifier run on multiple OS platforms","classes":["bluemix_hosted"]},{"text":"How is the NL Classifier deployed in WCTS","classes":["bluemix_hosted"]},{"text":"Is this a multi-tenant service?","classes":["bluemix_multi_tenant"]},{"text":"Can I choose from different algorithms or request changes to the existing ones?","classes":["choose_or_change_algorithm"]},{"text":"Can I choose my own learning algorithm from a list of algorithms offered by this service?","classes":["choose_or_change_algorithm"]},{"text":"Can a client request a change in the underlying algorithm ?","classes":["choose_or_change_algorithm"]},{"text":"What are the competitors to the Natural Language Classifier and how is it differentiated?","classes":["classifier_competitors"]},{"text":"How is Watson NL Classifier different from Google\u0027s?","classes":["classifier_competitors"]},{"text":"How is the classifier different from the competition?","classes":["classifier_competitors"]},{"text":"Has the service been compared to other services which exist in the market ?","classes":["classifier_competitors"]},{"text":"What are known competitors to the NLClassifier?","classes":["classifier_competitors"]},{"text":"Are there similar products in the market?","classes":["classifier_competitors"]},{"text":"What makes it unique?","classes":["classifier_competitors"]},{"text":"What differentiates the NLClassifier from its competition?","classes":["classifier_competitors"]},{"text":"Is IBM\u0027s Classifier better than LUIS?","classes":["classifier_competitors"]},{"text":"Where can I find documentation on the Natural Language Classifier service?","classes":["classifier_documentation"]},{"text":"Where can I find documentation on the classifier service?","classes":["classifier_documentation"]},{"text":"Does the Natural Language Classifier support a combination of NL and rule-based matching techniques currently?","classes":["classifier_not_rule_based"]},{"text":"Does the NL classifier support a combination of NL and rule-based matching techniques currently?","classes":["classifier_not_rule_based"]},{"text":"Does the Natural Language Classifier service return answer(s) above a certain confidence threshold?","classes":["confidence_threshold"]},{"text":"Is it possible to request more than 10 answers from the classifier?","classes":["confidence_threshold"]},{"text":"Does the classifier service return answer(s) above a certain confidence threshold?","classes":["confidence_threshold"]},{"text":"Who do I contact for issues with Natural Language Classifier?","classes":["contact_support"]},{"text":"What kind of support is offered for users of the NLClassifier service?","classes":["contact_support"]},{"text":"Is there user support available for the NLClassifier service?","classes":["contact_support"]},{"text":"What did I do wrong, the NL Classifier won\u0027t work","classes":["contact_support"]},{"text":"Who do I contact for issues with NL Classifier","classes":["contact_support"]},{"text":"Why is the NL Classifier not working for me","classes":["contact_support"]},{"text":"How do I submit a defect for the NL Classifier","classes":["contact_support"]},{"text":"How do I get help with the service?","classes":["contact_support"]},{"text":"What happens if the service goes down?","classes":["contact_support"]},{"text":"Can I find out who else is using the service so we can help each other?","classes":["contact_support"]},{"text":"What is the expected up time for the service once it\u0027s created?","classes":["contact_support"]},{"text":"What should I do when I have problems with the NLClassifier?","classes":["contact_support"]},{"text":"How will users provide positive or negative feedback on the service?","classes":["contact_support"]},{"text":"I wonder what would happen if your customers complained even more?","classes":["contact_support"]},{"text":"Do I need to worry about cross domain scripting issues using JS to call the service end points","classes":["contact_support"]},{"text":"What are the drawbacks of using NLClassifier?","classes":["contact_support"]},{"text":"How do I deploy the Natural Language Classifier service?","classes":["deployed_in_bluemix"]},{"text":"How is the NL Classifier deployed in development and test environments","classes":["deployed_in_bluemix"]},{"text":"How do I install the NLClassifier?","classes":["deployed_in_bluemix"]},{"text":"Can I use NLClassifier on the cloud?","classes":["deployed_in_bluemix"]},{"text":"What is a good use case for the Natural Language Classifier service?","classes":["example_use_cases"]},{"text":"What is the NLClassifier service used for?","classes":["example_use_cases"]},{"text":"In what ways would I use the classifier service to build a cognitive application","classes":["example_use_cases"]},{"text":"What is the classifier good for?","classes":["example_use_cases"]},{"text":"What can my app do with the response from the classifier?","classes":["example_use_cases"]},{"text":"What are the generic use cases for NL Classifier?","classes":["example_use_cases"]},{"text":"What is an example of a use case for the NL Classifier service?","classes":["example_use_cases"]},{"text":"What is the NL Classifier for?","classes":["example_use_cases"]},{"text":"What can I do with the NLClassifier?","classes":["example_use_cases"]},{"text":"What kind of problem can I solve with NLClassifier?","classes":["example_use_cases"]},{"text":"What can NLClassifier help me do?","classes":["example_use_cases"]},{"text":"Can the NLClassifier classify tweets?","classes":["example_use_cases"]},{"text":"Can I use the NLClassifier service to classify Twitter data?","classes":["example_use_cases"]},{"text":"Can the NLClassifier classify FB posts?","classes":["example_use_cases"]},{"text":"What\u0027s a good example of things that can be classified by this service?","classes":["example_use_cases"]},{"text":"What can I classify?","classes":["example_use_cases"]},{"text":"What is a good use case for this service?","classes":["example_use_cases"]},{"text":"What is a good use case for the NL classifier service?","classes":["example_use_cases"]},{"text":"What is the main use for the ML Classifier","classes":["example_use_cases"]},{"text":"Are there atleast 3 use cases which have been provided, which walk a potential client through the different stages of usage","classes":["example_use_cases"]},{"text":"Is there a way for me to extend the capabilities of the Natural Language Classifier?","classes":["extend_classifier"]},{"text":"As a developer, is there a way for me to extend the capabilities of the NL Classifier?","classes":["extend_classifier"]},{"text":"How extensible is the NL Classifier?","classes":["extend_classifier"]},{"text":"How accurate is the Natural Language Classifier and have there been any experiments or test results to share to prove it?","classes":["how_accurate"]},{"text":"How good is your classification?","classes":["how_accurate"]},{"text":"How accurate is the NLClassifier service?","classes":["how_accurate"]},{"text":"How accurate is your classification?","classes":["how_accurate"]},{"text":"How accurate is the Classifier?","classes":["how_accurate"]},{"text":"How well does the Classifier work?","classes":["how_accurate"]},{"text":"What is the performance of the NL Classifier","classes":["how_accurate"]},{"text":"Have there been systematic experiments which compare the performance of the service on different datasets","classes":["how_accurate"]},{"text":"Are there any tests conducted which measure performance on TREC data / other benchmarks ?","classes":["how_accurate"]},{"text":"What\u0027s the current precision \u0026 recall during training and testing ?","classes":["how_accurate"]},{"text":"Is the classifier service really better than just doing a lucene search?","classes":["how_accurate"]},{"text":"What accuracy should I expect from the service?","classes":["how_accurate"]},{"text":"how accurate are you usually","classes":["how_accurate"]},{"text":"how good are you at your job as a classifier?","classes":["how_accurate"]},{"text":"How good is the NL Classifier?","classes":["how_accurate"]},{"text":"How does the Natural Language Classifier work?","classes":["how_classifier_works"]},{"text":"What algorithms does the NL classifier use?","classes":["how_classifier_works"]},{"text":"What algorithms does the classifier implement?","classes":["how_classifier_works"]},{"text":"What kind of machine learning techniques are used in the classifier service?","classes":["how_classifier_works"]},{"text":"What are the underlying technologies exploited by the NL Classifier?","classes":["how_classifier_works"]},{"text":"What technology does the classifier service use?","classes":["how_classifier_works"]},{"text":"What technology does the classifier service use?","classes":["how_classifier_works"]},{"text":"What novel technology is used in the NLClassifier?","classes":["how_classifier_works"]},{"text":"What kind of technology does the NL Classifier employ?","classes":["how_classifier_works"]},{"text":"How does it work?","classes":["how_classifier_works"]},{"text":"How does the Classifier work?","classes":["how_classifier_works"]},{"text":"How does the classifier classify","classes":["how_classifier_works"]},{"text":"How does the NL Classifier work?","classes":["how_classifier_works"]},{"text":"How does the NL Classifier classify text?","classes":["how_classifier_works"]},{"text":"What does the classifier classify","classes":["how_classifier_works"]},{"text":"what kinds of things do you classify?","classes":["how_classifier_works"]},{"text":"what does the classifier classify?","classes":["how_classifier_works"]},{"text":"What kind of data can I use the Natural Language Classifier on?","classes":["how_classifier_works"]},{"text":"What kind of data can I use the classifier on?","classes":["how_classifier_works"]},{"text":"What does the NLClassifier classify?","classes":["how_classifier_works"]},{"text":"In what types of \"classes\" does the NL Classifier classify text?","classes":["how_classifier_works"]},{"text":"What is being classified?","classes":["how_classifier_works"]},{"text":"What can you classify","classes":["how_classifier_works"]},{"text":"what does NLClassifier classify?","classes":["how_classifier_works"]},{"text":"How do you measure the quality of the Natural Language Classifier?","classes":["how_to_measure_quality"]},{"text":"How do you measure the quality of the NLClassifier?","classes":["how_to_measure_quality"]},{"text":"How do you measure the accuracy of the NLClassifier?","classes":["how_to_measure_quality"]},{"text":"How do I register for this Natural Language Classifier service?","classes":["how_to_register"]},{"text":"Who is authorized to use the NL Classifier service ?","classes":["how_to_register"]},{"text":"How do I register for this NL Classifier service?","classes":["how_to_register"]},{"text":"How can a partner use NL Classifier Service","classes":["how_to_register"]},{"text":"How old must I be to use the NLClassifier?","classes":["how_to_register"]},{"text":"Why is it so hard to get credentials?","classes":["how_to_register"]},{"text":"How can I retrain and update the model for an existing Natural Language Classifier?","classes":["how_to_retrain"]},{"text":"How can I retrain and update the model for an existing classifier?","classes":["how_to_retrain"]},{"text":"How can I add new question and answer pairs to the ground truth?","classes":["how_to_retrain"]},{"text":"How do I train a Natural Language Classifier?","classes":["how_to_train"]},{"text":"Can I choose my own identifiers?","classes":["how_to_train"]},{"text":"How do I provide ground truth?","classes":["how_to_train"]},{"text":"What kind of inputs does the classifier accept?","classes":["how_to_train"]},{"text":"What is the format for JSON input ?","classes":["how_to_train"]},{"text":"How do I train it?","classes":["how_to_train"]},{"text":"How do I train a classifier?","classes":["how_to_train"]},{"text":"How is the classifier trained ?","classes":["how_to_train"]},{"text":"What format of the training data does the NLClassifier expect?","classes":["how_to_train"]},{"text":"What are the standard inputs to the NL Classifier","classes":["how_to_train"]},{"text":"How are the classification buckets defined and registered?","classes":["how_to_train"]},{"text":"How was ground truth obtained for training the model?","classes":["how_to_train"]},{"text":"What are we classifying based on?","classes":["how_to_train"]},{"text":"What is the best way to feed data into the NLClassifier?","classes":["how_to_train"]},{"text":"Is a corpus required to use the classifier service?","classes":["how_to_train"]},{"text":"Is a classifier trained against question and answer pairs or content ?","classes":["how_to_train"]},{"text":"What type of resources can user provide? (stopwords, synonyms, etc.)","classes":["how_to_train"]},{"text":"Do you have any tips for creating the flat file for the classifier?","classes":["how_to_train"]},{"text":"When will the Classifier service let you upload a background corpus for word embedding?","classes":["how_to_train"]},{"text":"How was the classifier trained?","classes":["how_to_train"]},{"text":"How was the NL Classifier trained?","classes":["how_to_train"]},{"text":"How do I map intents to answers?","classes":["how_to_train"]},{"text":"How do I use the Natural Language Classifier?","classes":["how_to_use"]},{"text":"How can I use the NLClassifier service?","classes":["how_to_use"]},{"text":"How do I use the NLClassifier?","classes":["how_to_use"]},{"text":"How do I use the classifier?","classes":["how_to_use"]},{"text":"How can I use your classifier?","classes":["how_to_use"]},{"text":"How do I get started with the NLClassifier?","classes":["how_to_use"]},{"text":"How do I use the NLClassifier?","classes":["how_to_use"]},{"text":"Who should I speak to about using the NL Classifier","classes":["how_to_use"]},{"text":"How do I call the classifier from my project?","classes":["how_to_use"]},{"text":"How would I use this","classes":["how_to_use"]},{"text":"How do I get the output from the NLClassifier?","classes":["how_to_use"]},{"text":"How do I use it?","classes":["how_to_use"]},{"text":"Is there sample code that uses a Natural Language Classifier?","classes":["how_to_use"]},{"text":"What do I need to do in order to use the NL Classifier","classes":["how_to_use"]},{"text":"Is there any sample code for building a bluemix service that exploits the NL Classifier?","classes":["how_to_use"]},{"text":"Where can I learn how to use the NLClassifier?","classes":["how_to_use"]},{"text":"Show me an example of the NLClassifier in action","classes":["how_to_use"]},{"text":"Where can I learn about how the classifier service works and how it can help me as a developer?","classes":["how_to_use"]},{"text":"What kind of examples should I use for training the NLClassifier?","classes":["how_to_use"]},{"text":"Can I see some sample input data?","classes":["how_to_use"]},{"text":"Can you show me an example of how to map a Key to a set of question in a flat file?","classes":["how_to_use"]},{"text":"Does the Natural Language Classifier improve with use?","classes":["improving_classifier"]},{"text":"Does it learn by itself?","classes":["improving_classifier"]},{"text":"Can it learn on the job?","classes":["improving_classifier"]},{"text":"Does the classifier improve with use?","classes":["improving_classifier"]},{"text":"How does the classifier service enable Watson to learn automatically?","classes":["improving_classifier"]},{"text":"Is there a mechanism for continuous feedback to allow the classifier to improve itself at runtime?","classes":["improving_classifier"]},{"text":"If the Natural Language Classifier isn\u0027t giving the answers I expect, what do I do?","classes":["improving_performance"]},{"text":"How can I troubleshoot incorrect answers?","classes":["improving_performance"]},{"text":"If the classifier isn\u0027t giving the answers I expect, what do I do?","classes":["improving_performance"]},{"text":"How do I debug the service once it\u0027s created?","classes":["improving_performance"]},{"text":"What other services should I use and how do I integrate them?","classes":["integrate_other_services"]},{"text":"How do I integrate the NL Classifier with my other services","classes":["integrate_other_services"]},{"text":"How do I integrate the classifier with other services?","classes":["integrate_other_services"]},{"text":"What other services should I use with the classifer for the best results?","classes":["integrate_other_services"]},{"text":"What are the known problems with the Natural Language Classifier?","classes":["known_problems"]},{"text":"Does the NL Classifier service introduce any security issues?","classes":["known_problems"]},{"text":"Are there specific areas or issues to be aware of when using the NL Classifier","classes":["known_problems"]},{"text":"Does the NL Classifier have limitations I should know about","classes":["known_problems"]},{"text":"What are the known problems with NLClassifier?","classes":["known_problems"]},{"text":"What kinds of natural language does the NLClassifier have problems with?","classes":["known_problems"]},{"text":"Does the Natural Language Classifier work on languages other than english?","classes":["languages_supported"]},{"text":"Does the classifier work on languages other than english","classes":["languages_supported"]},{"text":"Does the classifier only work for English?","classes":["languages_supported"]},{"text":"What languages are supported?","classes":["languages_supported"]},{"text":"Does the classifier service support languages other than English?","classes":["languages_supported"]},{"text":"Does NLClassifier support Japanese language ?","classes":["languages_supported"]},{"text":"Can NLClassifier handle multiple language ?","classes":["languages_supported"]},{"text":"What input languages does the NL classifier understand?","classes":["languages_supported"]},{"text":"how many languages the the classifer support","classes":["languages_supported"]},{"text":"How many languages does NLClassifier support?","classes":["languages_supported"]},{"text":"Does the NL classifier offer multi-lingual support?","classes":["languages_supported"]},{"text":"Does the classifier support languages other than English?","classes":["languages_supported"]},{"text":"What languages does the NL Classifier support?","classes":["languages_supported"]},{"text":"What languages does the classifier handle? English only?","classes":["languages_supported"]},{"text":"Can I use the NLClassifier if I don\u0027t speak English?","classes":["languages_supported"]},{"text":"What languages does the NLClassifier support?","classes":["languages_supported"]},{"text":"What languages does the classifier support?","classes":["languages_supported"]},{"text":"Can the NLClassifier cope with right-to-left writing?","classes":["languages_supported"]},{"text":"Can the NLClassifier process logographic writing?","classes":["languages_supported"]},{"text":"which language is used","classes":["languages_supported"]},{"text":"Does the NL Classifier service perform translation?","classes":["languages_supported"]},{"text":"How many words can not match and still have a question match an existing group?","classes":["matching_words_in_question_and_class"]},{"text":"How does the Natural Language Classifier handle misspelled words, bad grammar, improper case, and extra spaces?","classes":["misspelling_bad_grammar"]},{"text":"Can the classifier handle misspelling","classes":["misspelling_bad_grammar"]},{"text":"How does the classifier handle mispelllled wrds?","classes":["misspelling_bad_grammar"]},{"text":"Does CaSe, grammar bad, question marks or  double  spaces  effect the quality of the classifier?","classes":["misspelling_bad_grammar"]},{"text":"What models does the Natural Language Classifier use and can I use my own?","classes":["model_used_in_classification"]},{"text":"Does NLClassifier allow for combination of multiple models?","classes":["model_used_in_classification"]},{"text":"What models does the classifier use for classification?","classes":["model_used_in_classification"]},{"text":"Can I upload my own classifier model to the NLClassifier service?","classes":["model_used_in_classification"]},{"text":"How do I create my own custom models?","classes":["model_used_in_classification"]},{"text":"How many classification models are available?","classes":["model_used_in_classification"]},{"text":"Is two Natural Language Classifiers with smaller training sets better than having one with a bigger training set?","classes":["more_samples_produce_better_models"]},{"text":"Why are large training sets better then small ones.","classes":["more_samples_produce_better_models"]},{"text":"Is two classifiers with smaller training sets better than having one with a bigger training set?","classes":["more_samples_produce_better_models"]},{"text":"Can the user provide his own feature generators?","classes":["nlp_features_used"]},{"text":"What NLP features does the classifier use?","classes":["nlp_features_used"]},{"text":"What attributes does nl-classifier use for the classification?","classes":["nlp_features_used"]},{"text":"What kinds of features are used as signals for classification?","classes":["nlp_features_used"]},{"text":"Roughly how many features are the classification models trained over?","classes":["nlp_features_used"]},{"text":"Is there an automatic synonym substitution applied to an incoming question to automatically expand it for variations?","classes":["nlp_features_used"]},{"text":"How many question variations are required in each class for good accuracy?","classes":["optimum_number_training_classes"]},{"text":"How many questions do I need for NL classifier training ?","classes":["optimum_number_training_classes"]},{"text":"How much ground truth do you need to achieve a reasonable level of accuracy?","classes":["optimum_number_training_classes"]},{"text":"How many examples do I need to train the Natural Language Classifier service?","classes":["optimum_number_training_classes"]},{"text":"How many examples do I need to train the NLClassifier service?","classes":["optimum_number_training_classes"]},{"text":"How many questions do I need in order to train a classifier?","classes":["optimum_number_training_classes"]},{"text":"How much training data do I need?","classes":["optimum_number_training_classes"]},{"text":"How much training data do I need?","classes":["optimum_number_training_classes"]},{"text":"what is the typical number of categories in nlclassifier ?","classes":["optimum_number_training_classes"]},{"text":"How many training instances does nl-classifier need to produce a good classification ?","classes":["optimum_number_training_classes"]},{"text":"What is a good ratio of questions to classes in the training data","classes":["optimum_number_training_classes"]},{"text":"How many QA pairs do I need to train a classifier?","classes":["optimum_number_training_classes"]},{"text":"How much ground truth does it take to train the NLClassifier?","classes":["optimum_number_training_classes"]},{"text":"How many good sample questions does the NLClassifier need?","classes":["optimum_number_training_classes"]},{"text":"how is  the generalization of the Natural Language Classifier calculated?","classes":["overfitting_regularization"]},{"text":"Does NLClassifier evaluate the generalization for my training dataset?","classes":["overfitting_regularization"]},{"text":"how is  the generalization of nl-classifier calculated ?","classes":["overfitting_regularization"]},{"text":"Does nl-classifer provide the  generalization performance measure /","classes":["overfitting_regularization"]},{"text":"How does generalization work?","classes":["overfitting_regularization"]},{"text":"Can the Natural Language Classifier identify similar or related classes?","classes":["related_or_similar_classes"]},{"text":"Can the classifier identify similar or related classes?","classes":["related_or_similar_classes"]},{"text":"What is the output of a request to the Natural Language Classifier?","classes":["response_to_classify"]},{"text":"How do I get it to answer a question?","classes":["response_to_classify"]},{"text":"What can we expect NL Classifier will return ?","classes":["response_to_classify"]},{"text":"What is the output of a request to the NL Classifier ?","classes":["response_to_classify"]},{"text":"Does the classifier service API return a ranked list of candidate answers?","classes":["response_to_classify"]},{"text":"What is the output of the NL Classifier","classes":["response_to_classify"]},{"text":"What is the classifier going to give me back as a response?","classes":["response_to_classify"]},{"text":"How do I understand the output from the NLClassifier?","classes":["response_to_classify"]},{"text":"Do you rank the matches to a question?","classes":["response_to_classify"]},{"text":"Can I classify more than one question at a time?","classes":["response_to_classify"]},{"text":"Does the Natural Language Classifier give the same answer every time?","classes":["same_answer_every_time"]},{"text":"Does a classifier give the same answer every time?","classes":["same_answer_every_time"]},{"text":"Why do I get different results when I train the classifier twice on the same data?","classes":["same_answer_every_time"]},{"text":"Why does the Natural Language Classifier return intents instead of answers?","classes":["short_text_classifier"]},{"text":"Can the classifier classify documents?","classes":["short_text_classifier"]},{"text":"Why does the classifier return intents instead of answers?","classes":["short_text_classifier"]},{"text":"How is NLClassifier different from WEA?","classes":["short_text_classifier"]},{"text":"How does the classifier service differ from the question and answer service?","classes":["short_text_classifier"]},{"text":"How does this compare with WEA?","classes":["short_text_classifier"]},{"text":"How do I load my documents into the NLClassifier?","classes":["short_text_classifier"]},{"text":"Does the Natural Language Classifier work on structured data?","classes":["structured_data"]},{"text":"Do you classify questions or answers?","classes":["structured_data"]},{"text":"Does the classifier work on unstructured data","classes":["structured_data"]},{"text":"Does the classifier work on structured data","classes":["structured_data"]},{"text":"How long does it take for Natural Language Classifier to answer the question?","classes":["time_to_classify_question"]},{"text":"How long does it take for NL classifier to answer the question ?","classes":["time_to_classify_question"]},{"text":"How long does it take to classify an instance?","classes":["time_to_classify_question"]},{"text":"How does the speed of classifying an instance depend on the number of classes?","classes":["time_to_classify_question"]},{"text":"How long does a classifier take to classify something?","classes":["time_to_classify_question"]},{"text":"What is the average response time of the classifer?","classes":["time_to_classify_question"]},{"text":"How does the time taken to compute the match scale with the number of exemplars?","classes":["time_to_classify_question"]},{"text":"How long does it take to train a Natural Language Classifier?","classes":["time_to_train"]},{"text":"How long does it take to train a classifier?","classes":["time_to_train"]},{"text":"How long does it take to train?","classes":["time_to_train"]},{"text":"How long does it take to create a classifier?","classes":["time_to_train"]},{"text":"How long does it take to train a model?","classes":["time_to_train"]},{"text":"How long does training take?","classes":["time_to_train"]},{"text":"How long does it take to set up the NLClassifier?","classes":["time_to_train"]},{"text":"How long does it take to train a model?","classes":["time_to_train"]},{"text":"What is the limit on the number of classes I can use to train the Natural Language Classifier?","classes":["training_class_limit"]},{"text":"How does the algorithm scale in time, i.e. is there a limit to the number of questions that can be classified efficiently?","classes":["training_class_limit"]},{"text":"How well does it scale?","classes":["training_class_limit"]},{"text":"Does the classifier scale to very large corpora?","classes":["training_class_limit"]},{"text":"How much training data can I use?","classes":["training_class_limit"]},{"text":"Is there a limit to how much training data I can use?","classes":["training_class_limit"]},{"text":"Are there limits to how big or small the training data can be?","classes":["training_class_limit"]},{"text":"How many training instances can the Classifier support?","classes":["training_class_limit"]},{"text":"How many classes can it support?","classes":["training_class_limit"]},{"text":"How many classifications are possible with one classifier model ?","classes":["training_class_limit"]},{"text":"How many things can the NLClassifier classify?","classes":["training_class_limit"]},{"text":"Is there a maximum allowable number of classes?","classes":["training_class_limit"]},{"text":"Is there a limit to the number of classes I can have?","classes":["training_class_limit"]},{"text":"What is the maximum number of training instances this service can handle?","classes":["training_class_limit"]},{"text":"What\u0027s the most amount of classes I should have in the classifier?","classes":["training_class_limit"]},{"text":"What is the maximum size of the train data that NL Classifier can handle?","classes":["training_class_limit"]},{"text":"What types of questions can be classified by the Natural Language Classifier?","classes":["types_of_data_classified"]},{"text":"Are there certain topics with which the NL Classifier works better?","classes":["types_of_data_classified"]},{"text":"Does the NLClassifier answer questions?","classes":["types_of_data_classified"]},{"text":"What types of questions can be classified by the NL Classifier","classes":["types_of_data_classified"]},{"text":"What kinds of questions can I ask the classifier?","classes":["types_of_data_classified"]},{"text":"How robust is the service as you test across different domains","classes":["types_of_data_classified"]},{"text":"Which domains will the NL Classifier work with?","classes":["types_of_data_classified"]},{"text":"What is the Natural Language Classifier service?","classes":["what_classifier_does"]},{"text":"What is the NL Classifier service?","classes":["what_classifier_does"]},{"text":"What does NLClassifier do?","classes":["what_classifier_does"]},{"text":"What does a classifier do?","classes":["what_classifier_does"]},{"text":"What is a \"classifier\"?","classes":["what_classifier_does"]},{"text":"What is the NLClassifier?","classes":["what_classifier_does"]},{"text":"What is the NL Classifier service?","classes":["what_classifier_does"]},{"text":"What is the NLClassifier?","classes":["what_classifier_does"]},{"text":"What in the world is an NL Classifier","classes":["what_classifier_does"]},{"text":"What does the NL Classifier do?","classes":["what_classifier_does"]},{"text":"What is the NLClassifier?","classes":["what_classifier_does"]},{"text":"What is the watson classifier service?","classes":["what_classifier_does"]},{"text":"What is the NL Classifier?","classes":["what_classifier_does"]},{"text":"What is the NLClassifier?","classes":["what_classifier_does"]},{"text":"What is NL classifier","classes":["what_classifier_does"]},{"text":"What does NLClassifier stand for?","classes":["what_classifier_does"]},{"text":"What is the NL Classifier service?","classes":["what_classifier_does"]},{"text":"What is NL Classifier?","classes":["what_classifier_does"]},{"text":"What is it?","classes":["what_classifier_does"]},{"text":"What does it do?","classes":["what_classifier_does"]},{"text":"what does NLClassifier do?","classes":["what_classifier_does"]},{"text":"How can NL classifier service help customers ?","classes":["what_classifier_does"]},{"text":"What does NL stand for?","classes":["what_does_nl_stand_for"]},{"text":"Why do I want to use the Natural Language Classifier?","classes":["why_use_classifier"]},{"text":"Why would I want to use the NL Classifier service  in my app?","classes":["why_use_classifier"]},{"text":"What benefit will I get from using the NL Classifier service?","classes":["why_use_classifier"]},{"text":"What value does the classifier service bring","classes":["why_use_classifier"]},{"text":"Why do I need a Natural Language Classifier?","classes":["why_use_classifier"]},{"text":"What are the benefits of the NLClassifier?","classes":["why_use_classifier"]},{"text":"Why do I want to use NL Classifier?","classes":["why_use_classifier"]}]}