{
  "askButton"                       : "Ask",
  "lowConfidenceSubtitle"           : "Sorry, I don't understand the question. Please try to rephrase it.",
  "menu"                            : "Menu",
  "menu-about"                      : "About",
  "menu-doc"                        : "Documentation",
  "menu-home"                       : "Popular Questions",
  "menu-terms"                      : "Terms of Use",
  "menu-about-content"              : "The Questions on the Natural Language Classifier Application uses the Watson Natural Language Classifier service to show how to build a question-and-answer application that uses a small amount of training data and to demonstrate best practices for using the service.",
  "menu-terms-content"              : "This Agreement sets forth the terms governing your use of the Watson QA Classifier application (“the Application”). By using the Application, you agree to these Terms of Use; if you do not agree to these all of these Terms of Use, do not use this Application.<br><br>The Application is made available to you, as an individual person, non-exclusively by International Business Machines Corporation (“IBM”) at no charge via an Internet connection provided by you.<br><br>The Application and any related software, documentation, content or other materials provided by IBM in connection with the Application are owned by IBM or a third party supplier, and are copyrighted and licensed, not sold. Transfer of your rights under this Agreement is not permitted.<br><br>You are authorized to use the Application and associated content for your own personal use for informational purposes only. The Application is not intended to be used for productive or commercial purposes, and such use is not permitted. <br><br>Your use of the Application is also subject to IBM’s Online Application Privacy Statement <a href=\"http://www.ibm.com/privacy/us/en/\" target=\"_blank\">http://www.ibm.com/privacy/us/en</a>.  IBM tracks the mouse clicks, touch screen choices, or other “web clicks” you make in the Application.  IBM uses these clicks to develop and enhance IBM products and services. <br><br>The Application may be unavailable during maintenance scheduled determined by IBM, and other scheduled or non-scheduled downtimes may occur. Either party may terminate use or access to the Application at any time.<br><br>You are responsible for your use of the Application and associated content and the results obtained from their use. You are also responsible for any information, data or other materials (“User Materials”) that you submit or provide in connection with the Application, including ensuring that you have all necessary authorizations to permit IBM and its subcontractors to use, host, cache, record, copy and display such User Materials without charge. IBM has no responsibility for the User Materials that you submit or provide in connection with the Application. All User Materials which you submit or provide to the Application or to IBM are non-confidential.<br><br>IBM may utilize the User Materials to develop and enhance IBM products and services.  <br><br>The Application source code is available for download under a separate URL that contains associated license terms.<br><br>The Application and associated content are provided “AS IS”, with no warranties, express or implied, including without limitation, warranties of merchantability, fitness for a particular purpose, or non-infringement. IBM and its affiliates and suppliers will not be liable, under any contract, tort, strict liability, or other theory, for any direct, special, punitive, indirect, incidental, or consequential damages, including, but not limited to, loss of or damage to data, loss of anticipated revenue, profits, savings, or goodwill, work stoppage or impairment of other assets, whether or not foreseeable and whether or not you have been advised of the possibility of such damages. You are responsible for compliance with any applicable laws and regulations which may govern your accessing and use of the Application.<br><br>It is IBM’s policy to respect the intellectual property rights of others. To report the infringement of copyrighted material, please visit the Digital Millennium Copyright Act Notices page at: <a href=\"http://www.ibm.com/legal/us/en/dmca.html\" target=\"_blank\">http://www.ibm.com/legal/us/en/dmca.html</a>.<br><br>The laws of the State of New York, excluding its conflicts of laws rules, govern this Agreement and your use of the Application.<br><br>IBM wants to know what you think about the Application and how IBM can make them better.  You can do this by providing your comments and feedback via online forums or other submission vehicles, including questions asked in the Application, that IBM makes available to you.  By providing your comments and feedback to IBM, you authorize IBM to publish and display them and to use them in the development and enhancements of its products and Application.",
  "negFeedbackButton"               : "I Still Need Help",
  "noneOfAbove"                     : "None of the above",
  "popular-questions"               : "Popular questions",
  "popUp"                           : "Tell me how I'm doing. You can help me train.",
  "posFeedbackButton"               : "This Was Helpful",
  "posFeedbackSubTitle-1"           : "You are helping Watson learn.",
  "posFeedbackTitle-1"              : "Thank you!",
  "posFeedbackSubTitle-2"           : "Every bit of feedback helps me learn.",
  "posFeedbackTitle-2"              : "Thanks for the feedback!",
  "posFeedbackSubTitle-3"           : "You are helping Watson learn.",
  "posFeedbackTitle-3"              : "I appreciate the help!",
  "posFeedbackSubTitle-4"           : "The more you help, the smarter I get.",
  "posFeedbackTitle-4"              : "This is great!",
  "poweredByFirstLine"              : "Powered by IBM <strong>Watson Natural</strong>",
  "poweredBySecondLine"             : "<strong>Language Classifier</strong>",
  "refimeMyQuestionTitle"           : "Rephrase my question",
  "refineMyQuestionSubtitle"        : "Sorry, I don't understand the question. Please try to rephrase it.",
  "service-unavailable-0"           : "I am currently taking a break to do some reading.",
  "service-unavailable-1"           : "I need some time to study.",
  "service-unavailable-button"      : "Try Again >",
  "service-unavailable-sub"         : "Please try again soon.",
  "stillNeedHelpTextHTML"           : "I'm sorry. I might not understand your question, or I'm not trained on that topic yet. <br><br>The good news is that the system logs your feedback so that I can be trained to answer more questions about more topics.",
  "stillNeedHelpTips-1"             : "Ensure you ask a question about the Natural Language Classifier service.",
  "stillNeedHelpTips-2"             : "Try to rephrase your question.",
  "stillNeedHelpTipsTitle"          : "Here are some tips:",
  "stillNeedHelpTitle"              : "Still need help?",
  "stillNEeedHelpButton"            : "Visit Our Help Forum",
  "subTitle"                        : "Let's get started.",
  "thanksForFeedbackMessage"        : "<strong>Thanks for your feedback!</strong> You're helping Watson learn.",
  "titleHTML"                       : "<strong>Questions</strong> on the Natural Language Classifier",
  "typicalQuestionTextHTML"         : "What would you like to know about the <strong> Classifier Service </strong>?",
  "typicalShortQuestionTextHTML"    : "What would you like to know about the <strong> Classifier </strong>?",
  "typicalQuestionText"             : "Ask about the Natural Language Classifier",
  "welcome-button"                  : "Skip >",
  "welcome-text-0HTML"              : "<strong>Hello! I'm Watson.</strong><br>I'm learning to answer<br>questions about the<br>Natural Language Classifier.",
  "welcome-text-1HTML"              : "<strong>Train me.</strong><br>Let me know whether<br>I provide good answers.",
  "validationError-oneword"         : "A question must contain at least one word.",
  "validationError-maxQueryLength"  : "A question cannot be longer than 1024 characters.",
  "validationError-maxWordLength"   : "A question cannot have words longer than 46 characters."
}
