{
  "askButton"                       : "СПРОСИТЬ",
  "menu"                            : "Меню",
  "menu-about"                      : "О Нас",
  "menu-doc"                        : "Документация",
  "menu-home"                       : "Домой",
  "menu-terms"                      : "Условия использования",
  "modalClose"                      : "Закрыть",
  "negFeedbackButton"               : "Мне все еще нужна помощь",
  "popular-questions"               : "Популярные Вопросы",
  "popUp"                           : "Ваше мнение насчет ответа? Этим вы поможете мне узнать больше",
  "posFeedbackButton"               : "Это было полезно",
  "posFeedbackSubTitle-1"           : "Вы помогаете Ватсону учиться",
  "posFeedbackTitle-1"              : "Спасибо!",
  "posFeedbackSubTitle-2"           : "Каждый ответ помогает мне учиться.",
  "posFeedbackTitle-2"              : "Спасибо за ответ!",
  "posFeedbackSubTitle-3"           : "Вы помогаете Ватсону учиться",
  "posFeedbackTitle-3"              : "Благодарю за помощь!",
  "posFeedbackSubTitle-4"           : "Чем больше Вы мне помогаете, тем умнее я становлюсь.",
  "posFeedbackTitle-4"              : "Просто замечательно!",
  "refimeMyQuestionTitle"           : "Перефразировать мой вопрос",
  "service-unavailable-0"           : "В данный момент я на перерыве для чтения кое-каких данных",
  "service-unavailable-1"           : "Мне нужно время для обучения.",
  "service-unavailable-button"      : "Попытаться еще раз",
  "service-unavailable-sub"         : "Пожалуйста попытайтесь еще раз в ближайшее время.",
  "stillNeedHelpTextHTML"           : "Мне очень жаль. Кажется я не понял ваш вопрос или все еще не был обучен этой теме. <br><br> Ваш ответ очень важен, потому что Ватсон может использовать его для самообучения, расширять свои знания для ответа на более широкий круг вопросов и тем! ",
  "stillNeedHelpTips-1"             : "Убедитесь, что Вы спросили вопрос о Natural Language Classifier",
  "stillNeedHelpTips-2"             : "Попробуйте перефразировать ваш вопрос",
  "stillNeedHelpTipsTitle"          : "Вот несколько подсказок:",
  "stillNeedHelpTitle"              : "Все еще нужна помощь?",
  "stillNEeedHelpButton"            : "Посетите наш форум помощи",
  "subTitle"                        : "Давайте начнем",
  "titleHTML"                       : "<strong>Ватсон</strong> о Natural Language Classifier",
  "typicalQuestionTextHTML"         : "Что бы Вы хотели узнать о <strong> Natural Language Classifier </strong>?",
  "typicalShortQuestionTextHTML"    : "Что бы Вы хотели узнать о <strong>Classifier </strong>?",
  "typicalQuestionText"             : "Что бы Вы хотели узнать о Natural Language Classifier?",
  "welcome-button"                  : "Next >",
  "welcome-text-0HTML"              : "Привет! <br> <strong> Меня зовут Ватсон.</strong> Я учусь отвечать на вопросы о <strong>Natural Language Classifier.</strong>",
  "welcome-text-1HTML"              : "<strong>Обучай меня.</strong> Дай мне знать, <br> хороши ли мои ответы",
  "validationError-oneword"         : "Вопрос должен содержать хотябы одно слово",
  "validationError-maxQueryLength"  : "Вопрос не должен быть длиннее, чем 1024 символа",
  "validationError-maxWordLength"   : "Вопрос не должен содержать слова длиннее, чем 46 символов"
}